pond,date,N_Number,chloride_mgL,sulfate_mgL,,,,,
OPP-E,6/2/21,1,7.44,4.38,,,,,
OPP-W,6/2/21,2,58.29,14.68,,,,,
DOBA7,6/2/21,3,120.37,6.69,,,,,
LM-ARB,6/3/21,4,176.26,6.19,,,,,
UM-ARB,6/3/21,5,172.14,6.83,,,,,
DOBA5,6/7/21,6,74.04,3.46,,,,,
DOBA4,6/7/21,7,53.71,2.53,,,,,
CAP,6/7/21,8,53.69,3.07,,,,,
ALC,6/8/21,9,361.46,1.99,,,,,
ELV,6/8/21,10,127.73,5.27,,,,,
DCSW1,6/9/21,11,41.9,4.61,,,,,
DCSW2,6/9/21,12,75.75,14.35,,,,,
DCSW3,6/9/21,13,81.88,13.59,,,,,
DOBA8,6/10/21,14,49.86,2.74,,,,,
MDT,6/10/21,15,63.5,2.86,,,,,
HP-UW,6/10/21,16,272.9,36.59,,,,,
L60-UW,6/11/21,17,295.84,1.91,,,,,
KP,6/11/21,18,21.47,1.22,,,,,
O-S,6/11/21,19,97.65,13.43,,,,,
O-N,6/11/21,20,85.47,18.76,,,,,
OPP-E,6/14/21,21,8.29,3.9,,,,,
OPP-W,6/14/21,22,65.18,5.29,,,,,
DOBA7,6/14/21,23,142.71,7.49,,,,,
ALC,6/15/21,24,386.05,1.83,,,,,
LM-ARB,6/15/21,25,189.04,4.55,,,,,
UM-ARB,6/15/21,26,187.96,5.8,,,,,
DOBA5,6/16/21,27,71.95,3.74,,,,,
CAP,6/16/21,28,59.7,2.62,,,,,
DOBA4,6/16/21,29,61.42,2.6,,,,,
DOBA8,6/17/21,30,51.11,2.84,,,,,
MDT,6/17/21,31,70.13,2.51,,,,,
ELV,6/17/21,32,130.68,5.27,,,,,
L60-UW,6/18/21,33,39.75,5.25,,,,,
HP-UW,6/18/21,34,67.36,9.86,,,,,
DCSW3,6/21/21,35,52.33,8.23,,,,,
DCSW2,6/21/21,36,44.39,7.31,,,,,
DCSW1,6/21/21,37,24.08,3.22,,,,,
O-N,6/22/21,38,49.46,11.55,,,,,
O-S,6/22/21,39,62.53,10.15,,,,,
KP,6/22/21,40,20.77,0.87,,,,,
OPP-W,6/29/21,41,10.47,1.96,,,,,
OPP-E,6/29/21,42,11.3,7.1,,,,,
DOBA7,6/29/21,43,34.51,3.69,,,,,
HP-UW,6/29/21,44,62.5,8.52,,,,,
DOBA8,6/30/21,45,10.22,1.71,,,,,
ELV,6/30/21,46,48.42,2.54,,,,,
MDT,6/30/21,47,15.47,1.83,,,,,
UM-ARB,6/30/21,48,55.64,2.7,,,,,
LM-ARB,6/30/21,49,55.9,2.98,,,,,
DCSW2,7/1/21,50,27.48,5.05,,,,,
DCSW1,7/1/21,51,28.72,4.86,,,,,
CAP,7/1/21,52,7.16,1.54,,,,,
DOBA4,7/1/21,53,10.71,1.4,,,,,
DCSW3,7/1/21,54,14.96,2.26,,,,,
DOBA5,7/1/21,55,15.99,1.6,,,,,
O-N,7/1/21,56,54.94,11.95,,,,,
O-S,7/1/21,57,55.93,8.9,,,,,
KP,7/2/21,58,16.68,0.82,,,,,
L60-UW,7/2/21,59,84.17,1.88,,,,,
ALC,7/2/21,60,149.21,2.14,,,,,
DOBA7,7/12/21,61,40.72,4.15,,,,,
OPP-W,7/12/21,62,8.95,1.11,,,,,
OPP-E,7/12/21,63,10.95,5.1,,,,,
LM-ARB,7/13/21,64,50.27,5.01,,,,,
UM-ARB,7/13/21,65,53.51,5.08,,,,,
L60-UW,7/13/21,66,83.44,1.42,,,,,
O-S,7/14/21,67,63.43,10.49,,,,,
O-N,7/14/21,68,54.84,13.54,,,,,
KP,7/14/21,69,16.95,0.98,,,,,
CAP,7/16/21,70,8.58,1.48,,,,,
DOBA4,7/16/21,71,8.12,1.69,,,,,
DOBA5,7/16/21,72,12.72,1.65,,,,,
DCSW3,7/19/21,73,36.48,5.98,,,,,
DCSW1,7/19/21,74,19.06,3.05,,,,,
DCSW2,7/19/21,75,34.83,6.56,,,,,
MDT,7/20/21,76,11.61,1.76,,,,,
DOBA8,7/20/21,77,8.04,1.39,,,,,
ELV,7/20/21,78,36.68,2.21,,,,,
ALC,7/21/21,79,142.74,2.31,,,,,
HP-UW,7/21/21,80,210.63,28.75,,,,,
UM-ARB,8/2/21,81,40.08,6.73,,,,,
LM-ARB,8/2/21,82,37.01,5.53,,,,,
ALC,8/2/21,83,190.63,1.66,,,,,
OPP-E,8/3/21,84,11.95,4.48,,,,,
OPP-W,8/3/21,85,6.25,1.55,,,,,
DOBA7,8/3/21,86,39.18,3.95,,,,,
ELV,8/3/21,87,36.25,1.57,,,,,
KP,8/3/21,88,17.43,0.96,,,,,
O-N,8/3/21,89,54.43,12.46,,,,,
O-S,8/3/21,90,52.19,10.09,,,,,
DCSW1,8/4/21,91,18.7,3.07,,,,,
DCSW2,8/4/21,92,41.49,8.47,,,,,
DCSW3,8/4/21,93,42.71,6.52,,,,,
DOBA4,8/4/21,94,8.82,1.85,,,,,
DOBA5,8/4/21,95,13.9,1.62,,,,,
CAP,8/4/21,96,8.17,1.88,,,,,
L60-UW,8/5/21,97,94.74,1.74,,,,,
HP-UW,8/5/21,98,217.02,28.74,,,,,
DOBA8,8/5/21,99,6.27,1.83,,,,,
MDT,8/5/21,100,9.45,2.1,,,,,
HP-UW,1/12/22,101,364.4,41.44,,,,,
OPP-W,1/12/22,102,16.58,4.66,,,,,
OPP-E,1/12/22,103,8.26,4.47,,,,,
UM-ARB,1/12/22,104,107.46,16.27,,,,,
LM-ARB,1/12/22,105,109.63,16.32,,,,,
ALC,1/13/22,106,298.58,7.73,,,,,
DOBA5,1/13/22,107,20.04,2.29,,,,,
DOBA4,1/13/22,108,20.49,2.3,,,,,
DCSW3,1/13/22,109,7.76,5.91,,,,,
DCSW1,1/13/22,110,41.63,12.66,,,,,
DCSW2,1/13/22,111,48.73,14.62,,,,,
CAP,1/13/22,112,17.33,2.96,,,,,
L60-UW,1/13/22,113,65.73,5.32,,,,,
ELV,1/14/22,114,27.29,3.95,,,,,
DOBA7,1/14/22,115,202.35,5.5,,,,,
MDT,1/14/22,116,19.73,3.43,,,,,
DOBA8,1/14/22,117,14.64,3.83,,,,,
O-S,1/14/22,118,63.95,8.73,,,,,
O-N,1/14/22,119,52.07,15.93,,,,,
KP,1/14/22,120,29.72,1.11,,,,,
ALC,1/27/22,121,384.66,7.32,,,,,
DOBA5,1/27/22,122,22.22,2.05,,,,,6.25
DOBA4,1/27/22,123,23.75,2.15,,,,,430.87
DCSW3,1/27/22,124,9.4,5.77,,,,,
DCSW2,1/27/22,125,52.59,14.11,,,,,
DCSW1,1/27/22,126,47.03,12.89,,,,,
CAP,1/27/22,127,35.52,2.59,,,,,
ELV,1/30/22,128,27.57,3.25,,,,,
MDT,1/30/22,129,28.31,3.66,,,,,
DOBA8,1/30/22,130,22.71,5.14,,,,,
O-S,1/30/22,131,65.88,11.05,,,,,
O-N,1/30/22,132,63.02,19.1,,,,,
KP,1/30/22,133,43.66,0.94,,,,,
OPP-W,1/31/22,134,44.86,7.21,,,,,
OPP-E,1/31/22,135,8.25,3.49,,,,,
DOBA7,1/31/22,136,295.189,7.15,,,,,
HP-UW,1/31/22,137,342.84,41.27,,,,,
L60-UW,1/31/22,138,93.96,4.49,,,,,
UM-ARB,1/31/22,139,132.63,19.7,,,,,
LM-ARB,1/31/22,140,138.65,20.38,,,,,
ALC,2/9/22,141,430.87,4.66,,,,,
DCSW1,2/9/22,142,47.51,12.93,,,,,
DCSW3,2/9/22,143,14.18,5.83,,,,,
DCSW2,2/9/22,144,54.97,14.31,,,,,
DOBA4,2/9/22,145,27.71,1.78,,,,,
DOBA5,2/9/22,146,23.11,1.75,,,,,
CAP,2/9/22,147,136.75,3.91,,,,,
HP-UW,2/9/22,148,321.97,39.95,,,,,
L60-UW,2/9/22,149,114.71,3.87,,,,,
O-S,2/10/22,150,67.78,10.1,,,,,
O-N,2/10/22,151,56.25,17.31,,,,,
DOBA8,2/10/22,152,24.71,4.9,,,,,
MDT,2/10/22,153,37.7,4.09,,,,,
ELV,2/10/22,154,26.38,3.49,,,,,
KP,2/10/22,155,50.08,1.05,,,,,
DOBA7,2/11/22,156,370.68,7.34,,,,,
OPP-E,2/11/22,157,9.52,2.41,,,,,
OPP-W,2/11/22,158,46.68,5.82,,,,,
UM-ARB,2/11/22,159,208.44,22.91,,,,,
LM-ARB,2/11/22,160,183.91,22.24,,,,,